{
  "project_info": {
    "project_number": "320541871284",
    "firebase_url": "https://loadshare.firebaseio.com",
    "project_id": "loadshare",
    "storage_bucket": "loadshare.appspot.com"
  },
  "client": [
    {
      "client_info": {
        "mobilesdk_app_id": "1:320541871284:android:1adeee81705e22ea",
        "android_client_info": {
          "package_name": "com.example.loadsharev2"
        }
      },
      "oauth_client": [
        {
          "client_id": "320541871284-hcqtce1unbchvalia680otk49ifldipi.apps.googleusercontent.com",
          "client_type": 1,
          "android_info": {
            "package_name": "com.example.loadsharev2",
            "certificate_hash": "3aee13d5484f2e29580747bc44b68e6a094434b5"
          }
        },
        {
          "client_id": "320541871284-8hc4nnjopr7st6316c3mt4cfmn08saon.apps.googleusercontent.com",
          "client_type": 3
        }
      ],
      "api_key": [
        {
          "current_key": "AIzaSyBsTe37K-hJJrwc-5ef7T890cOvpHUL5Ss"
        }
      ],
      "services": {
        "appinvite_service": {
          "other_platform_oauth_client": [
            {
              "client_id": "320541871284-8hc4nnjopr7st6316c3mt4cfmn08saon.apps.googleusercontent.com",
              "client_type": 3
            }
          ]
        }
      }
    }
  ],
  "configuration_version": "1"
}