{
  "Loads" : {
    "Lever Forever" : {
      "BallisticCoefficient" : ".255",
      "BulletName" : "Speer 2011",
      "BulletType" : "FNSP",
      "BulletWeight" : 150,
      "Caliber" : ".308",
      "CaseLength" : 2.03,
      "OverallLength" : 2.55,
      "PowderName" : "Varget",
      "PowderWeight" : 31.5,
      "PrimerType" : "Large Rifle"
    },
    "Lucky Shot" : {
      "BallisticCoefficient" : ".520",
      "BulletName" : "Speer 2034",
      "BulletType" : "Spitzer BTSP",
      "BulletWeight" : 165,
      "Caliber" : ".308",
      "CaseLength" : 2,
      "OverallLength" : 2.8,
      "PowderName" : "IMR 4064",
      "PowderWeight" : 44,
      "PrimerType" : "Large Rifle"
    },
    "Wheelgun Walker" : {
      "BallisticCoefficient" : ".164",
      "BulletName" : "Speer 4217",
      "BulletType" : "UCSP",
      "BulletWeight" : 158,
      "Caliber" : ".357",
      "CaseLength" : 1.28,
      "OverallLength" : 1.57,
      "PowderName" : "IMR 4227",
      "PowderWeight" : 16.2,
      "PrimerType" : "Small Pistol"
    }
  }
}
